URL,Last crawled
https://go2rinjani.com/blog/author/admin/page/1/,2026-07-01
https://go2rinjani.com/blog/author/admin/,2026-07-01
https://go2rinjani.com/id/pendakian-gunung-rinjani-4h3m-via-senaru/,2026-07-01
https://go2rinjani.com/id/pendakian-gunung-rinjani-2h1m-ke-puncak/,2026-07-01
https://go2rinjani.com/id/blog/3d2n-pendakian-gunung-rinjani-via-senaru/,2026-07-01
https://go2rinjani.com/blog/mount-stampol-hidden-trek/,2026-07-01
https://go2rinjani.com/id/blog/category/paket-rinjani/,2026-07-01
https://go2rinjani.com/id/blog/gunung-rinjani-meletus/,2026-07-01
https://go2rinjani.com/id/blog/author/admin/page/2/,2026-07-01
https://go2rinjani.com/rinjani-package/,2026-07-01
https://go2rinjani.com/id/pendakian-rinjani-4d3n-via-sembalun/,2026-07-01
https://go2rinjani.com/id/blog/taman-nasional-gunung-rinjani/,2026-07-01
https://go2rinjani.com/id/blog/author/admin/,2026-07-01
https://go2rinjani.com/blog/3d2n-mount-rinjani-trekking-via-senaru/,2026-07-01
https://go2rinjani.com/id/blog/air-terjun-rinjani/,2026-06-30
https://go2rinjani.com/blog/category/rinjani-package/,2026-06-30
https://go2rinjani.com/blog/category/mount-stampol/,2026-06-29
https://go2rinjani.com/blog/category/mount-rinjani/,2026-06-29
https://go2rinjani.com/blog/mount-rinjani-hike/,2026-06-27
https://go2rinjani.com/blog/mount-rinjani-eruption/,2026-06-27
https://go2rinjani.com/id/blog/wallpaper-gunung-rinjani/,2026-06-26
https://go2rinjani.com/id/blog/pendakian-rinjani/,2026-06-25
https://go2rinjani.com/blog/mount-rinjani-wallpapers/,2026-06-24
https://go2rinjani.com/id/blog/category/id-id/,2026-06-23
https://go2rinjani.com/id/beranda/,2026-06-23
https://go2rinjani.com/2d1n-mount-rinjani-hike-to-summit/,2026-06-23
https://go2rinjani.com/blog/mount-rinjani-national-park/,2026-06-22
https://go2rinjani.com/id/blog/pendakian-gunung-rinjani-2h1m-ke-crater-rim-senaru/,2026-06-22
https://go2rinjani.com/id/pendakian-gunung-rinjani-3h2m-via-sembalun/,2026-06-22
https://go2rinjani.com/id/pendakian-gunung-rinjani-3h2m-via-torean/,2026-06-22
https://go2rinjani.com/about-us/,2026-06-21
https://go2rinjani.com/3d2n-mount-rinjani-trekking-via-senaru/,2026-06-21
https://go2rinjani.com/rinjani-trekking-price/,2026-06-21
https://go2rinjani.com/zh/tours/mount-rinjani/4-day-sembalun-expedition,2026-06-19
https://go2rinjani.com/id/blog/pendakian-rinjani-4d3n-via-sembalun/,2026-06-18
https://go2rinjani.com/id/blog/wallpaper-gunung-rinjani/feed/,2026-06-16
https://go2rinjani.com/blog/mount-rinjani-eruption/feed/,2026-06-15
https://go2rinjani.com/id/blog/pendakian-gunung-rinjani-2h1m-ke-puncak/,2026-06-14
https://go2rinjani.com/blog/category/rinjani-package/feed/,2026-06-12
https://go2rinjani.com/wp-*.php,2026-06-11
https://go2rinjani.com/id/tours/mount-rinjani/2-day-sembalun-summit,2026-06-11
https://go2rinjani.com/es/tours/mount-rinjani/2-day-sembalun-summit,2026-06-11
https://go2rinjani.com/id/tours/mount-rinjani/4-day-senaru-summit-lake,2026-06-10
https://go2rinjani.com/id/tours/mount-rinjani/3-day-sembalun-summit-lake,2026-06-10
https://go2rinjani.com/id/blog/author/admin/page/1/,2026-06-09
https://go2rinjani.com/en/contact,2026-06-09
https://go2rinjani.com/blog/mount-stampol-hidden-trek/feed/,2026-06-08
https://go2rinjani.com/blog/category/mount-rinjani/feed/,2026-06-06
https://go2rinjani.com/de/tours/mount-rinjani/2-day-senaru-crater-rim,2026-06-06
https://go2rinjani.com/tours/mount-rinjani,2026-06-06
https://go2rinjani.com/id/feed/,2026-06-04
https://go2rinjani.com/id/blog/pendakian-rinjani/feed/,2026-06-01
https://go2rinjani.com/treks,2026-06-01
https://go2rinjani.com/blog/3d2n-mount-rinjani-trekking-via-sembalun/,2026-05-31
https://go2rinjani.com/id/blog/pendakian-gunung-rinjani-3h2m-via-torean/,2026-05-29
https://go2rinjani.com/blog/3d2n-mount-rinjani-hike-via-torean/,2026-05-29
https://go2rinjani.com/id/blog/taman-nasional-gunung-rinjani/internal-link,2026-05-22
https://go2rinjani.com/cdn-cgi/l/email-protection,2026-05-20
https://go2rinjani.com/wp-content/themes/salient-child/*,2026-04-15
https://go2rinjani.com/wp-admin/*,2026-04-08
https://go2rinjani.com/wp-content/*,2026-03-01
https://go2rinjani.com/best-time-and-season-to-climb-mount-rinjani/,2026-02-18
https://go2rinjani.com/senaru-hot-spring-reward/,2026-01-29
https://go2rinjani.com/author/admin_dt9zw4tu/,2026-01-23